_ADL_AR_,اردبیل
_ADL_AR_,اندبیل
_ADL_AR_,آبی‌بیگلو
_ADL_AR_,بیله‌سوار
_ADL_AR_,پارس‌آباد
_ADL_AR_,جعفرآباد
_ADL_AR_,جنگل فندقلو
_ADL_AR_,خلخال
_ADL_AR_,عنبران
_ADL_AR_,گرمی
_ADL_AR_,گیلوان
_ADL_AR_,گیوی
_ADL_AR_,مشگین‌شهر
_ADL_AR_,نمین
_ADL_AR_,نیر
_ADL_AR_,هیر
_ESF_IS_,ابریشم
_ESF_IS_,ابوزیدآباد
_ESF_IS_,اردستان
_ESF_IS_,اژیه
_ESF_IS_,اصفهان
_ESF_IS_,آبچوئیه
_ESF_IS_,آران و بیدگل
_ESF_IS_,بادرود
_ESF_IS_,برف‌انبار
_ESF_IS_,بهارستان
_ESF_IS_,تودشک
_ESF_IS_,تیران
_ESF_IS_,جوشقان و کامو
_ESF_IS_,چمگردان
_ESF_IS_,خالدآباد
_ESF_IS_,خمینی‌شهر
_ESF_IS_,خوانسار
_ESF_IS_,خور
_ESF_IS_,خوراسگان
_ESF_IS_,خورزوق
_ESF_IS_,داران
_ESF_IS_,دهق
_ESF_IS_,دیزیچه
_ESF_IS_,زاغل
_ESF_IS_,زرین‌شهر
_ESF_IS_,زیباشهر
_ESF_IS_,شاهین‌شهر
_ESF_IS_,شهرضا
_ESF_IS_,طالخونچه
_ESF_IS_,فریدون‌شهر
_ESF_IS_,کاشان
_ESF_IS_,کمشجه
_ESF_IS_,کوهپایه
_ESF_IS_,کهریزسنگ
_ESF_IS_,گلپایگان
_ESF_IS_,گل‌دشت
_ESF_IS_,گل‌شهر
_ESF_IS_,گوگد
_ESF_IS_,مبارکه
_ESF_IS_,محمد آباد
_ESF_IS_,میمه
_ESF_IS_,نجف‌آباد
_ESF_IS_,نطنز
_ESF_IS_,نوش‌آباد
_ESF_IS_,نیاسر
_ESF_IS_,نیک‌آباد
_ESF_IS_,ورنامخواست
_ABZ_AL_,اشتهارد
_ABZ_AL_,آسارا
_ABZ_AL_,چهارباغ
_ABZ_AL_,ساوجبلاغ
_ABZ_AL_,طالقان
_ABZ_AL_,کرج
_ABZ_AL_,کمالشهر
_ABZ_AL_,کوهسار
_ABZ_AL_,گرمدره
_ABZ_AL_,ماهدشت
_ABZ_AL_,محمدشهر
_ABZ_AL_,مشکین‌دشت
_ABZ_AL_,نظرآباد
_ABZ_AL_,هشتگرد
_ILM_IL_,ایلام
_ILM_IL_,آسمان آباد
_ILM_IL_,پهله
_ILM_IL_,دهلران
_ILM_IL_,موسیان
_ILM_IL_,مهران
_ILM_IL_,میمه
_EAZ_AE_,اسکو
_EAZ_AE_,اهر
_EAZ_AE_,ایلخچی
_EAZ_AE_,آبش‌احمد
_EAZ_AE_,آچاچی
_EAZ_AE_,آذرشهر
_EAZ_AE_,آقکند
_EAZ_AE_,باروق
_EAZ_AE_,باسمنج
_EAZ_AE_,بخشایش
_EAZ_AE_,بستان‌آباد
_EAZ_AE_,بناب
_EAZ_AE_,تبریز
_EAZ_AE_,تسوج
_EAZ_AE_,تیکمه‌داش
_EAZ_AE_,جلفا
_EAZ_AE_,چاراویماق
_EAZ_AE_,خامنه
_EAZ_AE_,خراجو
_EAZ_AE_,خسروشهر
_EAZ_AE_,خواجه
_EAZ_AE_,دوزدوزان
_EAZ_AE_,ذوالبین
_EAZ_AE_,زرنق
_EAZ_AE_,زنوز
_EAZ_AE_,سراب
_EAZ_AE_,سردرود
_EAZ_AE_,سهند
_EAZ_AE_,سیس
_EAZ_AE_,شبستر
_EAZ_AE_,شربیان
_EAZ_AE_,شرفخانه
_EAZ_AE_,شندآباد
_EAZ_AE_,صوفیان
_EAZ_AE_,عجب‌شیر
_EAZ_AE_,قره‌آغاج
_EAZ_AE_,کُشکسرای
_EAZ_AE_,کلیبر
_EAZ_AE_,کوزه‌کنان
_EAZ_AE_,گوگان
_EAZ_AE_,لیلان
_EAZ_AE_,مراغه
_EAZ_AE_,مرند
_EAZ_AE_,ملکان
_EAZ_AE_,ممقان
_EAZ_AE_,مهربان
_EAZ_AE_,میانه
_EAZ_AE_,وایقان
_EAZ_AE_,ورزقان
_EAZ_AE_,هادیشهر
_EAZ_AE_,هریس
_EAZ_AE_,هشترود
_EAZ_AE_,هوراند
_EAZ_AE_,یامچی
_WAZ_AW_,ارومیه
_WAZ_AW_,اشنویه
_WAZ_AW_,ایواوغلی
_WAZ_AW_,آواجیق
_WAZ_AW_,باروق
_WAZ_AW_,بازرگان
_WAZ_AW_,بوکان
_WAZ_AW_,پلدشت
_WAZ_AW_,تکاب
_WAZ_AW_,چایپاره
_WAZ_AW_,خوی
_WAZ_AW_,سردشت
_WAZ_AW_,سرو
_WAZ_AW_,سلماس
_WAZ_AW_,سیلوانه
_WAZ_AW_,سیمینه
_WAZ_AW_,سیه‌چشمه
_WAZ_AW_,شاهین‌دژ
_WAZ_AW_,شوط
_WAZ_AW_,فیرورق
_WAZ_AW_,قره ضیاءالدین
_WAZ_AW_,کشاورز
_WAZ_AW_,گردکشانه
_WAZ_AW_,ماکو
_WAZ_AW_,محمدیار
_WAZ_AW_,محمودآباد
_WAZ_AW_,مهاباد
_WAZ_AW_,میاندوآب
_WAZ_AW_,میرآباد
_WAZ_AW_,نالوس
_WAZ_AW_,نقده
_WAZ_AW_,نوشین‌شهر
_BHR_BU_,امام حسن
_BHR_BU_,اهرم
_BHR_BU_,آب‌پخش
_BHR_BU_,آبدان
_BHR_BU_,برازجان
_BHR_BU_,بردخون
_BHR_BU_,بردستان
_BHR_BU_,بندر بوشهر
_BHR_BU_,بندر دیر
_BHR_BU_,بندر دیلم
_BHR_BU_,بندر ریگ
_BHR_BU_,بندر کنگان
_BHR_BU_,بندر گناوه
_BHR_BU_,بنک
_BHR_BU_,تنگ ارم
_BHR_BU_,جم
_BHR_BU_,چغادک
_BHR_BU_,خارک
_BHR_BU_,خورموج
_BHR_BU_,دالکی
_BHR_BU_,دلوار
_BHR_BU_,ریز
_BHR_BU_,سعدآباد
_BHR_BU_,شبانکاره
_BHR_BU_,شنبه
_BHR_BU_,طاهری
_BHR_BU_,عسلویه
_BHR_BU_,کاکی
_BHR_BU_,کلمه
_BHR_BU_,نخل تقی
_BHR_BU_,وحدتیه
_THR_TE_,ارجمند
_THR_TE_,اسلام‌شهر
_THR_TE_,اندیشه
_THR_TE_,آبعلی
_THR_TE_,باغستان
_THR_TE_,باقرشهر
_THR_TE_,پاکدشت
_THR_TE_,پردیس (شهر)
_THR_TE_,پیشوا
_THR_TE_,تهران
_THR_TE_,دربندسر
_THR_TE_,دماوند
_THR_TE_,رباط‌کریم
_THR_TE_,رودهن
_THR_TE_,ری
_THR_TE_,زردبند
_THR_TE_,شاهدشهر
_THR_TE_,شریف‌آباد
_THR_TE_,شمیرانات
_THR_TE_,شهریار
_THR_TE_,صالح‌آباد
_THR_TE_,صباشهر
_THR_TE_,فردوسیه
_THR_TE_,فشم
_THR_TE_,فیروزکوه
_THR_TE_,قدس
_THR_TE_,قرچک
_THR_TE_,کیلان
_THR_TE_,گلستان
_THR_TE_,لواسان
_THR_TE_,ملارد
_THR_TE_,نسیم‌شهر
_THR_TE_,نصیرشهر
_THR_TE_,وحیدیه
_THR_TE_,ورامین
_CHB_CM_,اردل
_CHB_CM_,آلونی
_CHB_CM_,بروجن
_CHB_CM_,بلداجی
_CHB_CM_,جونقان
_CHB_CM_,چلگرد
_CHB_CM_,سامان
_CHB_CM_,سفیددشت
_CHB_CM_,سودجان
_CHB_CM_,سورشجان
_CHB_CM_,شلمزار
_CHB_CM_,شهرکرد
_CHB_CM_,فارسان
_CHB_CM_,فرادنبه
_CHB_CM_,فرخ‌شهر
_CHB_CM_,گندمان
_CHB_CM_,گهرو
_CHB_CM_,لردگان
_CHB_CM_,ناغان
_CHB_CM_,نافچ
_CHB_CM_,هفشجان
_SKH_KJ_,اسفدن
_SKH_KJ_,اسلامیه
_SKH_KJ_,آیَسک
_SKH_KJ_,بشرویه
_SKH_KJ_,بیرجند
_SKH_KJ_,خضری دشت بیاض
_SKH_KJ_,درمیان
_SKH_KJ_,سرایان
_SKH_KJ_,سربیشه
_SKH_KJ_,شوسف
_SKH_KJ_,طارق
_SKH_KJ_,فردوس
_SKH_KJ_,قائن
_SKH_KJ_,قائنات
_SKH_KJ_,نهبندان
_RKH_KV_,انابد
_RKH_KV_,باجگیران
_RKH_KV_,باخرز
_RKH_KV_,بایگ
_RKH_KV_,بجستان
_RKH_KV_,بردسکن
_RKH_KV_,بیدخت
_RKH_KV_,تایباد
_RKH_KV_,تربت جام
_RKH_KV_,تربت حیدریه
_RKH_KV_,چاپشلو
_RKH_KV_,چکنه
_RKH_KV_,چناران
_RKH_KV_,خرو
_RKH_KV_,خلیل‌آباد
_RKH_KV_,داورزن
_RKH_KV_,دررود
_RKH_KV_,دولت‌آباد
_RKH_KV_,رودآب
_RKH_KV_,سبزوار
_RKH_KV_,سرخس
_RKH_KV_,سلامی
_RKH_KV_,شادمهر
_RKH_KV_,شاندیز
_RKH_KV_,طرقبه
_RKH_KV_,عشق آباد
_RKH_KV_,فرهادگرد
_RKH_KV_,فریمان
_RKH_KV_,فیروزه
_RKH_KV_,فیض‌آباد
_RKH_KV_,قاسم‌آباد
_RKH_KV_,قدمگاه
_RKH_KV_,قوچان
_RKH_KV_,کاخک
_RKH_KV_,کاریز
_RKH_KV_,کاشمر
_RKH_KV_,کلات
_RKH_KV_,گناباد
_RKH_KV_,مشهد مقدس
_RKH_KV_,نصرآباد
_RKH_KV_,نوخندان
_RKH_KV_,نیشابور
_RKH_KV_,نیل‌شهر
_RKH_KV_,همت آباد
_NKH_KS_,اسفراین
_NKH_KS_,آشخانه
_NKH_KS_,بجنورد
_NKH_KS_,پیش‌قلعه
_NKH_KS_,حصار گرم‌خان
_NKH_KS_,درق
_NKH_KS_,راز
_NKH_KS_,سنخواست
_NKH_KS_,شیروان
_NKH_KS_,صفی‌آباد
_NKH_KS_,لوجلی
_KHZ_KZ_,اروندکنار
_KHZ_KZ_,امیدیه
_KHZ_KZ_,اندیمشک
_KHZ_KZ_,اهواز
_KHZ_KZ_,ایذه
_KHZ_KZ_,آبادان
_KHZ_KZ_,باغ‌ملک
_KHZ_KZ_,بندر امام خمینی ره
_KHZ_KZ_,بهبهان
_KHZ_KZ_,چمران
_KHZ_KZ_,حر ریاحی
_KHZ_KZ_,خرمشهر
_KHZ_KZ_,دزفول
_KHZ_KZ_,دشت آزادگان
_KHZ_KZ_,رامهرمز
_KHZ_KZ_,سوسنگرد
_KHZ_KZ_,شادگان
_KHZ_KZ_,شوش
_KHZ_KZ_,شوشتر
_KHZ_KZ_,صیدون
_KHZ_KZ_,گتوند
_KHZ_KZ_,لالی
_KHZ_KZ_,ماهشهر
_KHZ_KZ_,مسجد سلیمان
_KHZ_KZ_,میانرود
_KHZ_KZ_,مینوشهر
_KHZ_KZ_,هفتگل
_KHZ_KZ_,هندیجان
_ZJN_ZA_,ارمغان‌خانه
_ZJN_ZA_,آب‌بر
_ZJN_ZA_,خرمدره
_ZJN_ZA_,زنجان
_ZJN_ZA_,سجاس
_ZJN_ZA_,سهرورد
_ZJN_ZA_,قیدار
_ZJN_ZA_,ماه‌نشان
_SMN_SM_,ایوانکی
_SMN_SM_,آرادان
_SMN_SM_,بسطام
_SMN_SM_,دامغان
_SMN_SM_,درجزین
_SMN_SM_,سرخه
_SMN_SM_,سمنان
_SMN_SM_,شاهرود
_SMN_SM_,شهمیرزاد
_SMN_SM_,کلاته خیج
_SMN_SM_,گرمسار
_SMN_SM_,مجن
_SMN_SM_,مهدی‌شهر
_SBN_SB_,ادیمی
_SBN_SB_,اسپکه
_SBN_SB_,ایرانشهر
_SBN_SB_,بزمان
_SBN_SB_,بمپور
_SBN_SB_,بنت
_SBN_SB_,بنجار
_SBN_SB_,پیشین
_SBN_SB_,جالق
_SBN_SB_,چابهار
_SBN_SB_,خاش
_SBN_SB_,دوست‌محمد
_SBN_SB_,راسک
_SBN_SB_,زابل
_SBN_SB_,زابلی
_SBN_SB_,زاهدان
_SBN_SB_,زهک
_SBN_SB_,سراوان
_SBN_SB_,سرباز
_SBN_SB_,سوران
_SBN_SB_,فنوج
_SBN_SB_,قصرقند
_SBN_SB_,کنارک
_SBN_SB_,گلمورتی
_SBN_SB_,محمدآباد
_SBN_SB_,میرجاوه
_SBN_SB_,نصرت‌آباد
_SBN_SB_,نگور
_SBN_SB_,نوک‌آباد
_SBN_SB_,نیک‌شهر
_FRS_FA_,اَهِل
_FRS_FA_,اِوَز
_FRS_FA_,اردکان
_FRS_FA_,ارسنجان
_FRS_FA_,استهبان
_FRS_FA_,اشکنان
_FRS_FA_,اقلید
_FRS_FA_,ایزدخواست
_FRS_FA_,آباده
_FRS_FA_,باب انار
_FRS_FA_,بالاده
_FRS_FA_,بنارویه
_FRS_FA_,بهمن
_FRS_FA_,بیرم
_FRS_FA_,جنت‌شهر
_FRS_FA_,جهرم
_FRS_FA_,خاوران
_FRS_FA_,خرامه
_FRS_FA_,خشت
_FRS_FA_,خنج
_FRS_FA_,خور
_FRS_FA_,خومه‌زار
_FRS_FA_,رستم
_FRS_FA_,سلطان شهر
_FRS_FA_,سورمق
_FRS_FA_,سوریان
_FRS_FA_,ششده
_FRS_FA_,شهر خنج
_FRS_FA_,شیراز
_FRS_FA_,صغاد
_FRS_FA_,صفاشهر
_FRS_FA_,علامرودشت
_FRS_FA_,فسا
_FRS_FA_,فیروزآباد
_FRS_FA_,قائمیه
_FRS_FA_,قطب‌آباد
_FRS_FA_,قیر
_FRS_FA_,کَوار
_FRS_FA_,کازرون
_FRS_FA_,کامفیروز
_FRS_FA_,کنارتخته
_FRS_FA_,گراش
_FRS_FA_,گله‌دار
_FRS_FA_,لار
_FRS_FA_,لامرد
_FRS_FA_,مُهر
_FRS_FA_,مرکزی گراش
_FRS_FA_,مرودشت
_FRS_FA_,میمند
_FRS_FA_,نودان
_FRS_FA_,نورآباد
_FRS_FA_,نورآباد ممسنی
_FRS_FA_,نی‌ریز
_FRS_FA_,وراوی
_GZN_QZ_,ارداق
_GZN_QZ_,اسفرورین
_GZN_QZ_,الوند
_GZN_QZ_,بوئین‌زهرا
_GZN_QZ_,تاکستان
_GZN_QZ_,خاکعلی
_GZN_QZ_,شال
_GZN_QZ_,قزوین
_GZN_QZ_,کوهین
_GZN_QZ_,محمودآباد نمونه
_GZN_QZ_,نرجه
_QHM_QM_,دستجرد
_QHM_QM_,قم
_KRD_KD_,بابارشانی
_KRD_KD_,بانه
_KRD_KD_,بیجار
_KRD_KD_,چناره
_KRD_KD_,دهگلان
_KRD_KD_,زرینه
_KRD_KD_,سریش آباد
_KRD_KD_,سقز
_KRD_KD_,سنندج
_KRD_KD_,شویشه
_KRD_KD_,صاحب
_KRD_KD_,قروه
_KRD_KD_,مریوان
_KRN_KE_,اختیارآباد
_KRN_KE_,امین‌شهر
_KRN_KE_,اندوهجرد
_KRN_KE_,باغین
_KRN_KE_,بافت
_KRN_KE_,بردسیر
_KRN_KE_,بروات
_KRN_KE_,بزنجان
_KRN_KE_,بم
_KRN_KE_,بهرمان
_KRN_KE_,پاریز
_KRN_KE_,جبالبارز
_KRN_KE_,جوپار
_KRN_KE_,جیرفت
_KRN_KE_,چترود
_KRN_KE_,دهج
_KRN_KE_,رابر
_KRN_KE_,راور
_KRN_KE_,راین
_KRN_KE_,رفسنجان
_KRN_KE_,ریحان‌شهر
_KRN_KE_,زنگی‌آباد
_KRN_KE_,زیدآباد
_KRN_KE_,سیرجان
_KRN_KE_,شهداد
_KRN_KE_,صفائیه
_KRN_KE_,فهرج
_KRN_KE_,کاظم‌آباد
_KRN_KE_,کرمان
_KRN_KE_,کوهبنان
_KRN_KE_,گلزار
_KRN_KE_,محی‌آباد
_KRN_KE_,مردهک
_KRN_KE_,منوجان
_KRN_KE_,نرماشیر
_KRN_KE_,نظام‌شهر
_KRN_KE_,نودژ
_KRN_KE_,یزدان‌شهر
_KRH_BK_,ازگله
_KRH_BK_,اسلام‌آباد غرب
_KRH_BK_,باینگان
_KRH_BK_,بیستون
_KRH_BK_,پاوه
_KRH_BK_,جوانرود
_KRH_BK_,روانسر
_KRH_BK_,سرپل ذهاب
_KRH_BK_,سرمست
_KRH_BK_,سطر
_KRH_BK_,سنقر
_KRH_BK_,سومار
_KRH_BK_,صحنه
_KRH_BK_,قصر شیرین
_KRH_BK_,کرمانشاه
_KRH_BK_,کنگاور
_KRH_BK_,کوزران
_KRH_BK_,گهواره
_KRH_BK_,گیلانغرب
_KRH_BK_,میان‌راهان
_KRH_BK_,نوسود
_KRH_BK_,هرسین
_KRH_BK_,هلشی
_KBD_KB_,پاتاوه
_KBD_KB_,چرام
_KBD_KB_,چیتاب
_KBD_KB_,دوگنبدان
_KBD_KB_,دهدشت
_KBD_KB_,دیشموک
_KBD_KB_,سوق
_KBD_KB_,سی سخت
_KBD_KB_,کفشکنان
_KBD_KB_,گراب سفلی
_KBD_KB_,لنده
_KBD_KB_,لیکک
_KBD_KB_,محله چینی‌ها
_KBD_KB_,یاسوج
_GLS_GO_,انبار آلوم
_GLS_GO_,اینچه‌بُرون
_GLS_GO_,آزادشهر
_GLS_GO_,آق قلا
_GLS_GO_,بندر ترکمن
_GLS_GO_,بندر گز
_GLS_GO_,خان‌ببین
_GLS_GO_,دلند
_GLS_GO_,سرخنکلاته
_GLS_GO_,سیمین‌شهر
_GLS_GO_,علی‌آباد کتول
_GLS_GO_,کردکوی
_GLS_GO_,کلاله
_GLS_GO_,گالیکش
_GLS_GO_,گرگان
_GLS_GO_,گلستان
_GLS_GO_,گمیشان
_GLS_GO_,گنبدکاووس
_GLS_GO_,مینودشت
_GLS_GO_,نگین‌شهر
_GLS_GO_,نوکنده
_GIL_GI_,احمدسرگوراب
_GIL_GI_,اسالم
_GIL_GI_,اطاقور
_GIL_GI_,املش
_GIL_GI_,آستانه اشرفیه
_GIL_GI_,بازارجمعه
_GIL_GI_,بندر انزلی
_GIL_GI_,بندر آستارا
_GIL_GI_,تالش
_GIL_GI_,توتکابن
_GIL_GI_,جیرنده
_GIL_GI_,چابکسر
_GIL_GI_,چوبر
_GIL_GI_,خلیفه محله
_GIL_GI_,رشت
_GIL_GI_,رضوان‌شهر
_GIL_GI_,رودبار
_GIL_GI_,رودبار زیتون
_GIL_GI_,رودبنه
_GIL_GI_,شفت
_GIL_GI_,شلمان
_GIL_GI_,صومعه سرا
_GIL_GI_,فومن
_GIL_GI_,کوچصفهان
_GIL_GI_,لاهیجان
_GIL_GI_,لشت نشا
_GIL_GI_,لنگرود
_GIL_GI_,لوشان
_GIL_GI_,لوندویل
_GIL_GI_,لیسار
_GIL_GI_,مارلیک
_GIL_GI_,ماسال
_GIL_GI_,مرجغل
_GIL_GI_,منجیل
_GIL_GI_,واجارگاه
_GIL_GI_,هشتپر
_LRS_LO_,ازنا
_LRS_LO_,الشتر
_LRS_LO_,الیگودرز
_LRS_LO_,بروجرد
_LRS_LO_,پل‌دختر
_LRS_LO_,چالانچولان
_LRS_LO_,خرم‌آباد
_LRS_LO_,درب گنبد
_LRS_LO_,دورود
_LRS_LO_,زاغه
_LRS_LO_,سراب‌دوره
_LRS_LO_,فرزیان
_LRS_LO_,فیروزآباد
_LRS_LO_,کونانی
_LRS_LO_,کوهدشت
_LRS_LO_,گراب
_LRS_LO_,معمولان
_LRS_LO_,نورآباد
_LRS_LO_,ویسیان
_MZN_MN_,امیرشهر
_MZN_MN_,ایزدشهر
_MZN_MN_,آلاشت
_MZN_MN_,آمل
_MZN_MN_,بابل
_MZN_MN_,بابلسر
_MZN_MN_,بلده
_MZN_MN_,بهشهر
_MZN_MN_,پل سفید
_MZN_MN_,تنکابن
_MZN_MN_,جویبار
_MZN_MN_,چالوس
_MZN_MN_,چمستان
_MZN_MN_,خلیل‌شهر
_MZN_MN_,خوش‌رودپی
_MZN_MN_,دابودشت
_MZN_MN_,رامسر
_MZN_MN_,رستمکلا
_MZN_MN_,رویان
_MZN_MN_,زرگرمحله
_MZN_MN_,ساری
_MZN_MN_,شیرگاه
_MZN_MN_,فریدون‌کنار
_MZN_MN_,فریم
_MZN_MN_,قائم‌شهر
_MZN_MN_,کلارآباد
_MZN_MN_,کلاردشت
_MZN_MN_,کله‌بست
_MZN_MN_,کوهی‌خیل
_MZN_MN_,کیاسر
_MZN_MN_,گتاب
_MZN_MN_,گرجی‌محله
_MZN_MN_,گزنک
_MZN_MN_,گلوگاه
_MZN_MN_,مرزن‌آباد
_MZN_MN_,مرزیکلا
_MZN_MN_,نشتارود
_MZN_MN_,نوشهر
_MKZ_MK_,اراک
_MKZ_MK_,انجدان
_MKZ_MK_,آشتیان
_MKZ_MK_,پرندک
_MKZ_MK_,تفرش
_MKZ_MK_,توره
_MKZ_MK_,خمین
_MKZ_MK_,خنداب
_MKZ_MK_,رازقان
_MKZ_MK_,زاویه
_MKZ_MK_,ساوه
_MKZ_MK_,سنجان
_MKZ_MK_,شازند
_MKZ_MK_,ضامنجان
_MKZ_MK_,غرق‌آباد
_MKZ_MK_,فرمهین
_MKZ_MK_,فیجان
_MKZ_MK_,قورچی‌باشی
_MKZ_MK_,کرهرود
_MKZ_MK_,کمیجان
_MKZ_MK_,مأمونیه
_MKZ_MK_,محلات
_MKZ_MK_,نراق
_MKZ_MK_,نوبران
_MKZ_MK_,نیم‌ور
_HRZ_HG_,ابوموسی
_HRZ_HG_,بستک
_HRZ_HG_,بندر چارک
_HRZ_HG_,بندر خمیر
_HRZ_HG_,بندر عباس
_HRZ_HG_,بندر لنگه
_HRZ_HG_,بندرخمیر
_HRZ_HG_,پارسیان
_HRZ_HG_,جاسک
_HRZ_HG_,جزیره کیش
_HRZ_HG_,جناح
_HRZ_HG_,حاجی‌آباد
_HRZ_HG_,درگهان
_HRZ_HG_,رودان
_HRZ_HG_,سندرک
_HRZ_HG_,سیریک
_HRZ_HG_,شهر رویدر
_HRZ_HG_,شهر کنگ
_HRZ_HG_,شهر کیش
_HRZ_HG_,فین
_HRZ_HG_,قشم
_HRZ_HG_,لنگه
_HRZ_HG_,میناب
_HDN_HD_,برزول
_HDN_HD_,بهار
_HDN_HD_,حسین آباد ناظم
_HDN_HD_,دانشگاه پیام نور لالجین
_HDN_HD_,رزن
_HDN_HD_,زنگنه
_HDN_HD_,سامن
_HDN_HD_,صالح‌آباد
_HDN_HD_,فامنین
_HDN_HD_,فرسفج
_HDN_HD_,فیروزان
_HDN_HD_,قهاوند
_HDN_HD_,کبود رآهنگ
_HDN_HD_,گیان
_HDN_HD_,لالجین
_HDN_HD_,ملایر
_HDN_HD_,مهاجران
_HDN_HD_,نهاوند
_HDN_HD_,ویژه ملایر
_HDN_HD_,همدان
_YZD_YA_,اردکان
_YZD_YA_,بافق
_YZD_YA_,دیهوک
_YZD_YA_,فردوس
_YZD_YA_,مروست
_YZD_YA_,مهردشت
_YZD_YA_,میبد
_YZD_YA_,ندوشن
_YZD_YA_,یزد
